Feature 1,Feature 2,Feature 3,Target
-1.1183791857748386,-0.20051426034967998,-0.27248618140190983,-18.82136517805588
0.14822539383285518,0.4106303382729395,-0.2799340290301173,-19.24322789609618
-1.0635475905885268,0.7614655107240389,-0.40085031048219705,-27.548988008246965
1.1150544749007176,1.6439156648899313,0.5105428163276866,35.026259549621315
-0.9776990052219913,0.747371595544824,-1.054657177172913,-72.77255966987248
-0.21405356326555747,-0.1652732390127426,-0.09803532008919766,-6.793100038456092
-0.7874360339832001,-0.6328270126095237,-0.49986396475314127,-34.30344408371439
-1.872200067249199,2.1915360338327345,0.4973598893276358,34.126240539524794
1.3771079439309728,-1.022960885514108,-0.8937882136678038,-61.64077238578622
-1.3983499482495303,0.22860137688382465,0.796612751073441,55.01635123139148
-0.6913233126497401,-0.5351269263103771,0.08946497272931017,6.256827927695919
-1.0760914658121563,1.0942750991001489,1.1790347434852069,81.34828357807638
0.5807505608819997,-0.9692834641912351,-0.04521651134982438,-3.2645099063472283
-0.5089410282818674,0.13044582508976268,1.903758546741316,131.2125878144926
-0.6796004090636235,1.7541944416506847,-1.798790594935572,-123.92555396444816
2.567122577428944,1.552345691172357,0.0322268811390991,2.121473580974834
-1.0664977135824099,-1.6075108374217737,0.27070095208871187,18.76928208085908
0.23493503745181415,1.8418071234614606,-1.4755738663338984,-101.6203560601778
-0.3428652729570297,-0.04369435333776734,-2.4270606751459125,-167.29505317858954
-1.7801032786264182,-0.19029662966544197,0.7022379258231507,48.48512305757519
1.900647880486306,-0.9215710802026723,1.0682009090489417,73.51939570393283
0.12696444097508164,0.2142549551045812,-0.4596703172043919,-31.605874545480386
-0.6397430520716529,0.01514659757154689,-0.24220045457734568,-16.730313513431554
-0.6908497709342655,-0.20587425373901022,0.8423128861274438,57.933478987158466
1.520133415439742,0.3794282736951788,0.009512655017796032,0.7373886710276766
0.0012096345423054232,-0.23122034754605708,0.5346137531019818,36.7708950722407
0.9134844742306274,-1.055849480591714,0.2787441621983916,19.32024663379297
0.4273315982404314,-0.08046064981581977,0.22850796649232488,15.622563155695664
-1.2825544956107882,1.1421555022452545,1.8130641133257093,124.76396687973363
2.5920840674002923,0.37476811336909965,-0.4158113660344991,-28.867489625245298
0.19438889359750924,-0.5125640160565667,0.643537346887257,44.38355832010296
0.7567973785098385,-0.22449060584705446,0.28348266307276354,19.351326874026395
-0.49876651118194254,-1.1010843338686542,1.0289339016611605,70.99216032769789
-0.6251269544263062,-0.7644089958762239,-1.5815565663283904,-109.11715918035722
0.47347563519013397,-0.018421809137576996,0.35021313455542263,24.331671275639525
-1.2688732267358453,-2.082850810303485,-0.6590049141061814,-45.256654835872496
0.4581971125276485,0.1637544668092583,-0.05334811091626859,-3.5107251716918757
1.5284586851505484,-0.2679208151551932,0.6637679577042193,45.81364389161435
-0.11911607155525764,-0.782804698908141,-0.1524746445674035,-10.507855681874187
-1.0942595125916925,1.982925182595953,0.15003366373872756,10.45159538644738
2.0999602687357113,-0.49691498853598765,0.8988293907299385,61.950698393842664
-1.8218956051484194,0.5395090734873441,0.10497919318912995,7.0635980347294325
0.5342901036618576,-0.7326992637588021,0.15135204715669046,10.47447304129233
0.3416929352440555,0.7995697565010078,-0.735871503750127,-50.67094691175536
-0.6670357265928024,0.1236324148630175,-0.7979097140591318,-55.05687671359666
-0.07632257751005896,-0.5350130136756478,-0.2562594534407944,-17.495411774283202
-2.0025192964192513,-0.4986561830626556,1.1801316897135201,81.27814497942767
0.2266907716580642,0.3118820119983032,0.8234675712472989,56.55228270591621
-0.5733503990971076,-0.3051685047863564,0.41912164449924394,28.763249025087116
0.30711328220780687,-1.0696520072945954,-0.15513498272456008,-10.609615482222093
-0.3957036342825264,-0.9649037490050238,-0.44914062180571596,-30.918928344000033
-0.7406789804241497,2.2521517388023216,0.47198593135918965,32.437966118416696
1.1135693484333928,-1.4711132291189595,1.2297197746954256,84.79838978615237
0.13679032249522113,-0.15170019141369395,0.31287871866605876,21.581602219457846
0.23785783828501061,-1.639093411201915,-0.1452113325860197,-10.024832254284568
1.2324787382828846,-0.66844731921433,0.3670596035402486,25.215302432470388
-1.123963252440824,-0.2369408129099508,-0.21554991866296916,-14.870057463830681
0.19955828605247677,-1.271391855102374,0.19486096662907237,13.367894049836224
0.33755555207640014,-0.44110631760422814,-0.8731970846886347,-60.12481285000397
-0.2972799888265235,-0.09490688236904822,0.6639724604455279,45.84166815801178
0.6533382212540303,-0.1555490844170854,-0.2710764829420317,-18.666413544169835
-0.734795828396698,-0.10015502126424386,-0.7589529466823683,-52.27063302731386
-0.18338286824320446,-1.3796738427739346,1.7728945192025451,122.00139871807863
1.5578921071696545,-0.12064054654966357,-0.670821904830014,-46.319815822388506
-0.35910625046719147,-0.768852487992884,1.7723721041623366,122.11268724787662
0.3603804452796912,1.368154875156878,1.5045289483126338,103.57771044777476
-1.0573779623936113,-1.3443553892979763,0.8481032093454067,58.5732441983088
-0.4061266625581897,0.4292929415530641,0.04526769704732415,3.042327612369903
0.2806198442983341,-0.7767431522330781,-0.8973990169907593,-61.69990319040779
0.45671769933343936,0.15635777192219863,0.5540970339269766,38.3075455145961
-2.1219250044803206,-0.0829546462458506,0.3276715293565244,22.539559872410177
-0.05650597584060485,-0.13702055596592702,0.3281097780522139,22.44132559828549
-0.5351833981652417,0.8683775099508642,0.004613901175436712,0.3064889032080235
-1.4532665625199446,-1.249576524928143,-0.5708662766371481,-39.30121456960694
-1.1730301787845856,2.0239549535744654,-2.3721015384269557,-163.48246814958912
0.48858859015536477,0.8990580116439356,1.355359155685731,93.45159475608581
0.7461939186856067,-0.5271556162554362,-0.5892593075230315,-40.59716443473427
0.7668504972793944,-0.42959375709783315,-1.1009911230387124,-75.91438057556365
-0.9228987086646376,1.1206239037464247,-0.29662040602239875,-20.450943875696332
-1.0549422538411257,-0.16218430250232538,0.03403109657625523,2.3677565449648426
-2.3468972229183938,0.45242853773161806,-2.0350618239154104,-140.1767679425424
0.6199038494780571,0.2569521738836591,-0.47364126338901874,-32.67234207260038
0.08545564877725964,1.1362751284649808,-0.12860219021882238,-8.998017589528661
0.7047899771128234,-0.8234494303746017,-0.25439433194864125,-17.507279399455413
-0.6437970571220203,0.5011676877836018,0.9929491259546886,68.30478155978774
0.09450087503790537,-0.7328151697091639,0.9838660218731716,67.72501729866045
1.8927422187767202,-0.6209797023155086,0.49087183250951594,33.88605507440114
-1.0274126889022028,0.6043620879546062,-0.9550111833201901,-65.67684074373096
-0.7882304127919809,-0.05712069442478735,-1.5123513886265398,-104.19543348477318
1.1086136687584254,-0.20554685743857226,-0.17945740597716484,-12.465811402173626
1.9549240465968107,0.27787032806061535,1.892036042925635,130.4223571530826
-0.0007532157600934953,0.2187990502620133,-0.44016499129441305,-30.30807127770409
1.445032351564486,-1.651261641480434,0.6151444046346328,42.313622845591574
-1.1369871956264181,0.4548344536261636,-0.33187593398175413,-22.84285297012739
-0.6372981467385403,0.2920905933637561,-0.41188239690651873,-28.437075368480752
-1.0576561493064516,0.4143368560595,1.4151485143722078,97.7049497360552
0.6646230543901538,2.004287815624176,0.7617220943402282,52.69924491274007
-0.2033371868144908,-0.20492602980290014,0.3245560398481715,22.395560714115078
-1.678741400819261,-1.6881579457905036,0.31201832438969335,21.486806038634473
1.4117445229972716,-1.0804109369322978,-1.871503921463626,-128.8586584958532
1.5372019493598756,-0.8338771345582316,0.9125596219094281,62.901148579111506
-1.0901491280269893,-0.5456752467630556,-0.1269096941538165,-8.847346236527505
-0.031138553638716638,0.462719371421228,-1.13088589128735,-77.97728802709966
-1.0223067355013498,-0.16616897425169364,1.1194654382601268,77.10725742806589
-1.3314115102918176,-0.2409394355456277,-0.5373443643900926,-36.98328026664847
2.3366038596624836,-0.1293397442854359,-0.5158942018477846,-35.47816612274099
-1.2202510720859345,-0.5258473309646002,1.0587090826449497,72.97387471887102
0.8309056578021413,1.749241790081012,-1.9453906815188249,-134.08101244073274
-1.4610908390266266,0.7971698357380883,-0.014644605617744137,-0.9985319024249898
1.7004227989297083,0.15242929518684933,-0.18351979112678432,-12.543497261492092
1.3317589492355393,1.8522909678430186,-1.517912796141936,-104.5886732383466
0.7945326889650575,-0.1472263192396143,-0.9338663491984363,-64.39010431823266
-0.7926364219873541,0.6626672666486113,0.48679354592110674,33.54279801718338
0.09839722424456546,-0.09383594812379972,1.2688069820225991,87.40713035816461
-1.5923250519947136,-1.265501717357435,-0.08256739326045534,-5.695971038645427
1.5666402273744786,0.8579051809684236,-0.19380492240705713,-13.139101490536197
1.1645781637534298,0.5299278264194657,1.3756491396961157,94.72525942015137
-0.5700068121676584,1.0349682134110725,0.9638541410847052,66.55583318794395
0.5461421558243417,-0.7374060502049672,-0.34522339989311024,-23.81198122615857
-0.8472667132128224,0.3763062532578705,-0.17336580921494507,-11.906626878315874
-0.010701174715058642,-0.7509089160349591,-0.4774456670785341,-32.762468950482166
1.3363234842354312,-0.39443610034495297,0.8380730666937511,57.62785107380179
-0.43820143730669325,0.2283352044566521,0.36003178759974036,24.642472929076398
-0.5586105579100125,-0.43933304497920833,-1.0526677980507988,-72.50929812515636
-0.9206958084893672,-0.39599536188086515,1.1936917855033553,82.25992667170638
-0.6034562617441033,-0.2648760317385422,-1.5942329084928226,-109.8995388715514
1.6454083210089163,-0.2277205112000623,0.35875247170979635,24.50084311613991
-0.18885669856036685,1.3156977373836773,1.1805416263648536,81.3252742957142
0.15669413688804246,-0.23920017474969543,-0.5246719772091791,-36.27800586612525
0.47518769779384906,-0.07236315822392445,-0.3896555250433101,-26.835205463190487
0.493798030962401,1.5474047376787121,-0.9573403170742623,-65.95413723202984
-0.16574872511619088,1.738690864095884,0.34885344798490175,24.072200886726637
-1.0464941438234847,0.4929697642542527,-0.37575182990011197,-25.903536626307186
0.33912166991349607,-0.34921913811594835,0.9995238627794718,68.95538355930543
0.2014015005452824,2.4385100670199518,-1.363460962497461,-94.0475546224574
0.6150814569207752,-1.497486062032341,1.3217423145602663,90.86977908144668
-1.8408582239395175,-0.3784971557337896,-0.22658263633790324,-15.735087139517345
-2.1124415984602645,0.5112523790351076,0.7274642045710964,50.16733760602633
0.480375957120284,-0.9603089578659099,0.7902118382809483,54.45916057973874
-2.27102844335797,0.42821435109078826,0.5915110533990482,40.69113038024735
0.26256822940374175,0.3964499179617153,-0.6182823837047785,-42.459353258658545
1.1182041696894267,-0.12574760195628795,1.4831808729171374,102.40203807440203
-0.8825755621212814,-2.1044969800689923,0.3129627490875192,21.71902871994752
0.5739380225608466,0.18524778916140855,0.6035406873363612,41.67191282544918
0.15982359298816193,-1.5804201007506844,2.330810522878461,160.6115051248591
0.42435712521297536,-0.531453538375659,-0.21544323955065783,-14.852844080779478
0.9407870683897978,0.41730231988738953,0.2532205247585785,17.518162479229076
-1.3603783186519722,-0.18056081322498696,-0.27143382173281977,-18.4851810810571
1.1354690672859644,0.5697040294278162,0.9460181070941076,65.29084628604697
0.35488627844156573,0.5420086402026172,1.4000501294573735,96.36684674905284
-0.928788271109996,-0.4728567156336875,-0.06187058475224405,-4.101408443019513
-0.43389290836762007,0.6343942623513525,-0.06206479224493024,-4.3066457185368465
-1.3039808252352194,-0.28244230549437155,2.1848541876287415,150.43788192981972
-0.8444764142538497,-0.5164428497021851,0.9199851312920041,63.435942835844955
0.6514184369331977,-1.2384233234366542,1.9831961840920653,136.6710028154092
0.15636707881039205,0.2217378122952451,-0.03316026978883009,-2.3884984812395262
1.0737799477109196,-0.5913942941701046,0.49644993310250957,34.315122640573605
-1.1013486820014462,0.3333192772239794,-1.122858100925092,-77.17492630328847
0.5744640793782951,-1.5333913048748706,0.9571759736675203,65.94315381176433
1.1639196888230159,0.38195372177291936,-0.6268016842547445,-43.31081684203307
2.641301159806062,1.0888263383123158,-3.4256613517836305,-236.12073893551795
0.9696621383994227,0.6922148845648759,0.5992695241557091,41.26130864353686
-1.1918104668569596,-1.959407236228505,-0.5334480644785248,-36.840175034280136
-0.3205675975456409,0.24874568866256042,-0.008237570395355361,-0.7201477466303596
-1.0259108732843625,0.20581615250656984,-1.1702444249284003,-80.62024028483513
-1.0265596351319912,-1.0664107368203009,0.5514691748530761,37.91890285558757
-0.5087460971801887,-0.09104489529341238,-0.4290711288264943,-29.5133914279138
1.2127282564347799,2.7347563003271405,1.0881709951711889,75.04248679911491
0.8029637046875235,-0.12834069855014776,0.40501904219754326,27.886826399017718
0.11573722731850587,-1.6326461309487728,-0.04931982755314424,-3.622089311149996
-1.453603271788109,-2.9330289337439543,-1.0164780260550113,-70.25452716587469
-0.9937138350907389,0.19262691253713723,1.1310174423885881,77.92114048193427
2.3554808899124433,-0.8841825860257421,1.1651798931983346,80.24596284140006
-0.3372896309600543,-2.2345503679112952,-0.5516895963588007,-37.97408277955999
-1.0994121501773184,-1.399807594134422,-0.05040082078237907,-3.435072436461397
0.44951651436299817,-2.3269262116155196,-0.16127395672832917,-11.109229622907748
0.04774713079492994,1.1071486148296594,0.5808164190647037,40.1064739782203
1.454055784340345,-0.08044386477212577,-0.6987889736515817,-48.20265216978425
-0.7574771053093196,-0.5108262341824535,1.075681534164297,74.21207978772618
0.8201311133075616,1.9530106481633536,-1.0177681013739712,-70.22957742768301
1.04454843507015,-0.17681307337075783,-0.9831884097625978,-67.8023793007983
0.45348104026746144,0.9223441482568703,-0.757453225587536,-52.03825292238804
0.03493883864382204,-0.407172686090733,-0.785536495368302,-54.14962100868904
1.4720484153012385,-1.5509093220773436,0.7627364771859672,52.50298187913905
0.4415779723883535,-1.4179268960159293,1.5416771870550894,106.36712111026883
-2.0053717398951463,0.5131608192069674,-0.5512060693534969,-37.92737223969403
0.005043898069076927,-0.8732591793851744,0.7061888116045446,48.75688987519027
-1.247336156644393,0.31717096074155054,0.12677274472597902,8.974889906822265
1.2604210784729248,0.9875595217171047,-0.833080568275557,-57.40637824454215
0.6115900459480954,-0.022508577044725076,-1.1546729457533933,-79.55943620247598
0.4347700117360501,-1.3613250765944922,0.10729119326695448,7.242689471834453
0.4073410881913403,-1.0002633937919714,0.20053148882454797,13.812014436622036
-3.185409927695252,-0.24522006618791853,0.2711422853906189,18.86042406027236
-0.4557635985283309,-1.945838304705505,0.22016616010778314,15.160341854813055
-0.16423359336292523,-1.7354197910789084,-0.5867699922452857,-40.37369529660771
0.011118867361381712,-0.7713204162921569,0.03517092849404717,2.2879552848499984
-1.0218595455554307,-0.1443741120096974,-0.6001985975580162,-41.15075951407979
0.3970136709475648,0.8959676385793041,0.06447853370703618,4.461179550411932
-0.4698820474823411,-0.5084953060796965,0.6441570620371843,44.300657968911224
1.908460867394258,1.8850425795301864,-0.8341737137833025,-57.64599907892905
0.7287649446028356,-1.3001816840055682,0.20960375987235344,14.430694207457615
-1.765640384404798,-0.952266879393373,-0.36216799545131034,-24.909896255775106
0.4190681047807845,-1.0881053188345662,0.055177552190057585,3.690969903707322
-0.09154065270491979,1.340296815816242,-0.808202815474713,-55.751233218034635
-0.04995254339686802,-1.0670398044692198,0.9962094669993536,68.59063365655852
0.37181386605943134,1.055406642330154,0.6941549336100782,47.84908777425269
0.35953229551797367,-0.511965094194221,0.5646542880869975,38.94369090773762
-0.4192603220087837,2.386745800499031,-0.6753750576188053,-46.46235120131503
-0.04520588860236072,-1.7385178655572635,0.3650517980270081,25.0931883169417
1.1000197097589524,2.801153155014196,-1.8214807306782383,-125.38753157414276
-0.9093598464474542,-0.5624673900877001,-1.800564280843412,-124.08071454597622
0.45379001119582474,-0.6369768670957809,0.9925597566777551,68.43262906913634
-1.3184952274491828,0.0836805511120813,-0.5854842610534636,-40.47884739917302
-0.5090008972919337,0.7718870234868406,0.40976548500449694,28.124265680521454
-0.7108031845526689,0.21162457123422426,1.788396316208434,123.31937856988742
0.07804948094346854,1.7314518036874085,1.2498725536648292,86.2597036930563
0.4239429591380372,-2.143351957040077,1.030482704719901,71.07249814379566
1.0104238877564127,0.9731121534053935,-1.406444268279313,-97.07948039611738
0.0955208342642143,0.3200664601730596,-0.11066443898983998,-7.579243119765661
-1.3672392296428355,-0.6103802369881277,0.7702785657932284,53.27693016081139
-0.3637897593716371,0.4288409676847233,-0.018797581830994455,-1.0761320907823353
-0.025279823099468367,1.107277601913369,0.26946822352987226,18.570017649164065
-1.080239625723391,-1.2803524471789711,-0.12266806631429289,-8.480971201707545
2.2863645373740784,1.4132944074401013,-0.02200212774584013,-1.6583561035196992
-1.7546454655015526,-0.3125936264899002,0.8360987078876291,57.423229774479736
-0.20338496437649953,0.47270184777206026,0.97478410323931,66.98249659564077
1.073703322519598,0.9818520300440292,-0.39544686081972025,-27.220041189990727
-0.9552148317134888,-1.062187870417499,-0.8593289597169005,-59.27237238871663
0.4144432777851508,-0.045879399591288485,0.1454059173094343,10.13273668343348
-0.291339050184654,-0.15268764420608774,-0.8524152363003882,-58.927276342831306
-2.233052848438117,0.14202678794857176,0.7958769911591804,54.80106390062593
-1.6233149665228082,1.7050268910124733,1.3005090843885934,89.59211496997158
1.3937473086756758,0.16702236559946707,0.14817580681160644,10.138269010075579
-0.22848184662563914,-0.14374437004403035,0.22938088934373344,15.810191645761662
-0.3857952781078631,-0.6251162174184938,-2.2235138566379486,-153.23535129038166
-0.8814625655313383,0.3532107803002698,-0.030667987475674858,-2.2559281472283446
-0.9626608287669728,-0.7013680441849037,-0.1650355232064671,-11.542769732310404
1.0949545751140815,0.1795960797806171,1.031848882643221,71.05896776599211
0.6341892401548315,-0.9698732167957383,-0.12452518841709617,-8.71648102984764
-0.5767414898597839,-0.8762225453425244,0.5931855420850669,40.88547692615664
0.3900597040405335,-0.37449330753416676,-0.41597364241409346,-28.738917471128612
2.1643224572833435,0.17977488895157764,-0.4598409787839732,-31.76485296776642
1.4597192467962798,0.1896902441115222,0.6110097540757415,42.11369717394695
0.542544026931158,0.6261672937955176,0.5833276501518617,40.277093229160606
1.0059371375988293,-0.0638265342950973,1.8015722252311195,124.17982134599946
-0.048123539168245626,0.3581027472112817,2.161244108536722,148.9487572895868
0.6075086014714083,0.7678507375866434,-1.0271492083494496,-70.88227303776598
0.4583357764217764,0.7252469855410071,1.937831858911864,133.62754888576387
0.42905826909122147,1.1576045092277716,-1.2187622839145837,-84.03034730723913
-1.5605053092527066,-0.23276339561067175,2.0441428809847904,140.7735675794327
-0.033969194112886826,0.8575622628110712,-0.12455124625580882,-8.564952167573878
-0.11961939735737205,-1.8406404655982813,3.0289342331715075,208.74379676322707
0.44732515056190925,-0.8405369997384325,-0.21141560941821472,-14.445015145509426
-0.7391688790254352,-0.08720640702908973,-0.6514576332712066,-44.89391283623006
0.4057380021060356,2.208480738141941,-1.9858441609855653,-136.91328028518188
-2.4957528823141972,1.3043577797963937,1.0461644964376338,72.10589160173433
-0.16224855290821893,-1.0747468405930436,1.147309002011903,79.07090793533591
-0.21421998162529463,0.31847510756215613,-0.8823382297402819,-60.83848026297034
-1.5724446833022545,0.3119959658681864,-0.7345847409275877,-50.53363616754059
-0.24006071463865328,-0.5778416564893406,0.07299114797407072,5.000572073094814
-0.16482422338366787,-0.2978068006892586,-0.81775460145923,-56.30120609918123
-0.9125877187672109,1.3442537721993562,-0.011096854879101168,-0.8055041206561357
2.819031021639128,-0.11037055377373016,0.7828171069368408,53.82498793476829
-0.7344382120828857,-0.6735271653063559,-0.19636167284093425,-13.594150198306114
-0.6083762813041967,0.0566638608353621,-1.2708666425132162,-87.68166129791862
-0.34286738407624306,1.2716938939681748,-1.0222442669816953,-70.40602421617966
-0.5936396768276437,0.9410600435834002,1.0039302837615773,69.09775272851716
1.5204493273542545,-0.24226605361647516,-1.9015494459913633,-130.8577068722124
0.12163889278537428,0.24312241530129375,-0.6763159694820369,-46.71112825348087
0.9000849971172967,0.8890323725239309,2.2386487591829325,154.50153392025504
2.7830820601388275,-0.9651378485693277,-2.232958052301814,-153.90938546286625
0.014855851178174171,0.5905372033614963,0.7108380221471086,48.95148674525621
0.15647674659188437,0.20425480457441636,-0.7200583582807348,-49.4595131734074
0.6451321451060835,1.9639819796500528,-0.5165258490584028,-35.52817977095763
-0.8461738389912352,-0.5043986223509267,-0.01562702119476335,-0.9280182504669634
-1.9278777352364316,-0.08809626952746996,0.9630313786660784,66.448757559172
0.693985552907339,-0.5927438501642621,-0.2546653286006598,-17.434424140088005
-0.9170849952862492,1.6970129398129572,0.053686371250515695,3.55434989966205
0.5593826015780321,0.6460192818459158,0.30111549986078223,20.848854175309985
-0.504042765256917,0.15528651095626975,2.2433291208389647,154.50004195907596
1.3023600983229373,1.3256844652724575,0.28777948798560227,19.91941969884345
0.5821402080772484,-1.4342304812395084,-0.2545576579263585,-17.456533046763933
0.23671624703538702,-0.2386087129749046,-0.9176823346183527,-63.23777911059259
-0.9824603525381572,0.017446916303085782,0.7085245177855963,49.00105571810537
2.687857139504985,1.1817740342326137,0.28636618145574877,19.7295829570925
1.1246469056499102,-1.3841810791852793,0.38625386821108393,26.67377725270386
0.8216180633491716,-0.2831173474716425,0.8101729069566308,55.86745757800177
-0.07445306041483293,0.49877595328440383,1.292223900531319,88.98949114231183
-0.1509945694206832,1.5482002040102814,-0.6850577619135925,-47.33864875228414
-0.988444394640672,-0.5071710853477059,-0.14741043887936908,-10.315093263649452
1.2371835968930822,0.32139958994944334,0.23600070042695334,16.15742730631799
-1.66799843089214,-0.8735187265514809,-1.8498313837275364,-127.54286497634959
0.06771332077371098,-1.0174767353202143,-0.5574646421448343,-38.45660378447857
0.3681083511643719,0.6093604762948265,0.7166209245770082,49.402384063225604
-0.19733796962424713,-0.6942829581889908,0.5640647143400359,38.90599791373495
0.07071371226664838,-0.14963789670434854,0.7891464141693205,54.33683973567458
-0.42989708186880404,0.8149954430712237,-0.3148580761325759,-21.631990407464528
-0.8099203558995945,-0.008873507344827431,-0.8108906342925858,-55.776401167017944
2.5140270527586592,0.45028838383484665,-0.7908360204757939,-54.50451527900554
0.2326251163038856,0.25481189778009145,-0.599662891747978,-41.581558586998355
1.1987380491786115,0.42230923355364836,-0.14123673344687168,-9.763999453078245
-0.9902308746704046,-0.4277297840119616,0.01941667034570538,1.136538694934668
0.3728809703734112,-1.2289177488893024,-0.6564848279715421,-45.229491409795166
0.43264548452529417,-0.5045621626720705,-0.5787732620742702,-39.90645322424717
-0.2342828512505557,1.1120040430662825,-1.1304313089027243,-77.68669695458883
-0.5628139280304518,-3.5630936534517375,0.023895290274327567,1.707658836100865
-0.37481314770444907,1.0824789636044116,1.7056421167090752,117.46248253758006
-1.4470216527380353,1.3974402689876413,-0.9827585109037275,-67.74004383170139
-0.308375994286531,-0.28410380510716565,-1.055658897711565,-72.76729693840959
-1.2420828358226954,0.5271804462829128,0.6191620833873726,42.631926085285485
0.5022857779517222,0.839193535320577,-1.257253734973249,-86.674793038816
0.5274118579271473,0.16749066651339084,0.8018405992931729,55.18644792855124
-0.8801609407614608,-1.2876333707711904,1.1919384764763443,82.08169793004299
0.9839855622463605,1.0495835746294013,-2.241810826667215,-154.34393117213128
0.008478656958185194,-1.432809245427727,-0.925279915460042,-63.70967253383197
0.4865797170524024,-0.5906658619442291,0.01582425334309083,1.053713549342934
0.9023793781600177,-0.08235231391558168,0.7656315126039371,52.74763062069804
1.2034922322952666,0.20247317207093765,-0.05247384809104762,-3.6358557149264064
-0.2522629239323764,-0.7936529421271098,-1.365751301008792,-94.19478519522202
-0.2303334751299701,-1.152574276393163,1.0850072393167711,74.8168012869305
0.8452762476389413,-0.12511669021454297,1.0648968034268964,73.607358828009
0.8612113741693206,1.4786857374358966,1.3501878997225267,92.97665404807864
0.2575599851927513,0.6035158565410593,1.1300861431847486,77.83944693203202
-0.30607918551150864,1.6756370004017824,-1.5571094180139795,-107.44406819116601
1.3779191794110397,0.922786938761912,1.2554101037472023,86.4400380524146
0.8868040557151281,1.3204338155012254,-0.44485361638642573,-30.733715014050578
-2.9710042729296773,0.9548266720840763,0.032981469299192434,2.2951209011645624
-0.730714466604537,-1.455439972225547,3.5384225420262565,243.85183585861617
0.7785496510611648,0.0355743469824775,1.2921905798155684,89.01625318130102
0.4403789105928676,-0.8384801402483328,-0.6847900441875194,-47.20785532947845
1.2356932937010239,-1.1910780651747597,-0.5689282292148461,-39.14841012052298
0.1327382287076709,0.9693840494475084,-0.504646646450736,-34.825011212578026
-0.09735277427745842,-0.18984305436201543,1.4797080839408394,102.01881069449858
-0.8363137357195001,-0.18072720129659856,0.11757462425866265,7.99753871800384
0.4349760219816502,0.7588944642911625,0.5704933453211514,39.22730860376492
-0.01645511192254256,-0.8508666249493716,1.1645369530263474,80.09901684084413
0.29769220994180223,-1.1567221725912544,0.7597109769849395,52.56439514613325
0.1264396918734345,1.083458368280158,1.6245530978465408,111.95600660481972
-0.1405640160700344,-0.29296758348681284,-0.23157364267509378,-15.977422861873585
1.8498575775739992,0.5870076158840377,-1.3258624796604392,-91.38220952274253
0.676577793485279,0.4838777742568073,0.11583994328739619,7.836437052975524
0.9936883516888468,0.5467467344079435,1.0239051159442316,70.44135833731966
2.220858226034304,1.8370755870102868,-1.7511528787421817,-120.69114783513133
0.5118764223470191,-1.9976782805314883,0.6049291590756732,41.62656188417016
0.11163027156564224,0.2829905076675621,0.46893464927171374,32.37082259910539
0.3487505938690223,-0.3386182541020083,0.7219650574076287,49.73321675876462
-0.026771649986440726,-0.9841607817725814,0.6062886568962988,41.75453462307184
1.5418077084686126,0.8001528559058803,-0.404357671797137,-27.86705670824801
-0.1342673007176046,2.0984749168722594,-0.40304346044267325,-27.891341899497696
-1.3189645536049885,-0.19422133384463808,1.0369968080399357,71.45525309099688
-0.2642474112620271,-0.9323592637202481,-1.5390641198540729,-106.40439305081529
0.15420459268584072,0.8173055190310792,0.29202648981800744,19.987478621914136
0.6182376713223641,-1.4833682620113486,0.3323082283554108,22.917701745120233
0.5889205442634885,-1.4093746040971893,0.7903941553479605,54.51593926189429
-0.6772243236055949,1.5910748624612092,-0.5250479090700657,-36.126377063922774
1.1515287731761275,-1.9774177085108056,-0.45896716822932365,-31.549772941513346
1.6128983277731723,0.07097352721985194,-1.3401742611452505,-92.36110520574239
0.6462021006317474,-0.25132069807810453,-0.7664667593513673,-52.81666539544671
-0.09918917775993519,-0.8435819320690177,0.3775040758320618,26.11161925652501
1.3992384201681904,-1.6151079632521659,-0.27813451650877447,-19.19500548812349
1.7695596359238928,-0.6884029388245759,-1.9004077781094877,-130.78327348347415
0.9281083477573795,0.10269990392056928,0.6003651314760269,41.42897916239675
0.016462481587102687,0.30560684004580846,0.5063567488131862,34.843388617302445
0.5479183096073379,-0.8541429534648363,-0.4371456556814915,-29.95100463014226
0.029875311438297823,-1.2178727239376677,0.5109324070958596,35.134504606218506
0.22500752221636053,-1.5311362944464948,-0.27460105243114163,-18.90970279486154
0.9051715331786675,0.4006736681660438,0.14375578038446712,9.948488674832934
-0.41395371382728313,-0.2918113875232261,-0.7709685285300425,-53.09622133272322
-2.1615036532959317,-0.6875354872157612,0.3148545465448666,21.884295700682067
-0.22467908543381457,-0.5136792046662925,0.6558615323233493,45.14222108039599
0.4221748079845023,0.3943403161962993,-0.43993573791196,-30.346696425559244
-1.1028667975345827,-0.45599248404378695,-2.035564156199447,-140.25503973932646
-0.38445768500357647,-0.530327407582726,-0.33267577528589565,-23.018754735987528
-0.4373279687685321,0.5273021138539518,-1.0896343051071764,-75.06831537906817
-0.14659250672563906,0.07848761359327407,0.6660163620525159,45.96466913639337
0.8224723016354284,1.4267264504853654,0.6609032917196628,45.530636911937364
-1.1106414661581065,1.7179262006748242,2.0918832169717634,144.07586582423562
0.28446860428885373,0.0928296395179571,0.48125277913596415,33.13790151664157
0.481610851831691,1.6294983710148334,0.019045556083135153,1.3951896140871163
0.39885999802407035,1.6620951691905241,-1.3031062515970044,-89.83593490589044
-0.9590398006025731,-0.4979713554723796,-0.025645745936127125,-1.6548174918174625
0.22218920937758807,-1.0072716560810677,-0.7533588526956233,-51.93244291385902
-1.6644854996476752,-0.20263701519245406,-1.8065725230227205,-124.55372284107993
-0.47262447904542865,1.5929132616418624,0.8850396556269242,61.09586525677228
-0.157134056470659,-0.09241777063351125,0.5031037927644773,34.570981303205755
-1.4394041579032861,0.43923521962500767,-0.2397271186204832,-16.41618436163064
-0.5601430364149842,2.3029756928112697,-0.7025634255527619,-48.474452241789905
-0.6862364377992013,0.1549035962020594,-0.5083432327925071,-35.06221028421237
-0.9122010263652737,0.6468286032907536,1.630479562574531,112.24644190736109
-0.6607850407040224,2.0523970726131675,1.4200331330568463,97.81711951586713
-1.4548945822490909,-0.6831279878949437,-0.2643319438166379,-18.158333860315782
-0.4031289968469349,0.7133254192320697,-2.2068670954994913,-151.9259639398744
0.8784598910238555,-0.33240947257420594,0.2676098967321498,18.354440196603573
-0.13609107858397296,-2.527652869870801,0.6750744480512377,46.544728426429536
-0.3488504752664703,0.44179051795886987,-0.6808918143675291,-47.03451964696772
0.20769245699514569,0.38608981289188826,2.0364686716913063,140.4583517307713
1.5835507407902585,-0.8041679367588661,-0.5464936342832676,-37.49683456959696
0.10490229877005011,-0.6479442565677979,-0.23333381488544136,-16.013398208495403
1.378532705897814,-0.47113407408960306,-0.3312740941903546,-22.60779462243382
-1.6729218673211461,-1.9778328482209595,0.25211408538429686,17.29369041140518
0.1406138453747909,0.019892207578106016,1.2125948226530212,83.487266273441
1.3304018624024676,-0.4802591786515373,-1.6591131772469692,-114.37547128142647
0.26675056683902215,1.4766852585393226,-1.1757154946054376,-81.09850298158068
-0.4193391961518699,0.828952382448966,-0.93919594240871,-64.65485695282435
-0.47522003742821645,0.004115101523310427,0.11210288058130982,7.517244480552379
-0.8670155109522104,0.3711592574799248,-0.048697610640109204,-3.3332070678141457
2.178914353899457,-0.5530503220736412,0.4176684584853444,28.665335165942942
0.10066306583839062,-0.8887957783768025,0.6451155203432665,44.49253423449945
0.015174920002897885,0.117052488790469,-1.5340965702283584,-105.64611336202503
-0.9872427546208716,-0.03069595140766293,-0.06576179955524658,-4.619277180769506
-1.2565072335310428,0.8366232452738217,1.8390572788453423,126.7509280594868
-2.045963992111947,-1.6440215124937598,-1.7947790851458538,-123.85085352978795
0.2573126035164623,0.16730235194091325,-2.13886980244419,-147.2615939970568
1.3576520864180697,0.47776964834898417,-0.6094812612604538,-42.08433437167269
0.7603268391226014,0.5064720356385018,1.0402087697580333,71.58741286024241
0.12703813875825173,-0.099328330048059,0.07715736825636164,5.403596852979215
-0.5400196497921815,-0.7734690739142291,1.582718316446928,109.15976311774972
0.317900306998451,0.29611224032027905,0.19970978924198673,13.957877775917627
-0.38449940862073423,0.7100416987242457,1.1409091213318316,78.51778795915145
-0.28642977385570695,1.014803097734744,-0.4799896299880893,-33.126208990245416
-0.9287025943255013,0.12465485894782875,-0.2767424867751073,-19.125039168979992
-0.19494841714387975,-0.3263629790708654,-1.853006704910371,-127.6672374921886
0.2834468666923889,0.1093299736495609,-1.5613769567301805,-107.59922980089324
0.16495482271053852,-0.4776203224666052,-0.03480309438357009,-2.4955398491527006
-0.8540103370157586,0.09358393415957535,0.4349096711425261,30.042251760146872
1.1008660586071468,-0.4466936956898519,-1.6437274488514344,-113.14693430161088
-1.1566227674277674,-0.720952391549328,1.071287474072791,73.9254587506457
0.20780005335113885,-2.187115273247333,0.7659110492252689,52.6921997380677
-0.12453782496248426,-0.6951835911686964,-0.0102482688284862,-0.49183389215904194
-0.1828678567423889,1.055435715576249,-0.8893871917195636,-61.431988560628504
-0.42533977292150876,0.050687661012362,-0.05293748821481739,-3.466878963339191
-1.7691342152940557,1.125120623702211,1.077538664703808,74.42681477842143
0.19745598324840175,1.0388537536498363,0.3008427164039561,20.630153907659086
-0.6155332630831808,1.2940562967121043,1.3594580312665707,93.58384645910097
0.2673819755787573,-1.0319348271510602,0.5560180812944249,38.410677912893604
-0.3455141684435304,0.6125269393847118,0.5005989239578377,34.451704403352174
0.3637074798856789,1.5767977910259807,1.4623254410496145,100.76865127003708
0.24721795304539568,0.3338773158710832,0.8662962472055104,59.623186908219424
-1.656882615047593,-1.690582298861109,0.607753450426798,41.78743517414973
0.18248209713031777,1.3116180465656415,1.2571257313814808,86.54622674850857
0.8005389002258103,1.6659978013518766,-0.19972871496304231,-13.94469867665787
-0.37011607810475444,1.8496125662057936,-0.3221236569774085,-22.298145214716648
-1.1140316500934206,-0.37910772260247094,1.3387782999989974,92.14829357981354
-0.06455461684334074,-1.0924093352601216,1.0950516080740276,75.43051154750283
1.2633166803879319,0.503536164156042,-0.11745620589898534,-7.957421252041454
-0.5888106374055937,-0.1787433581266421,-1.0910361578034187,-75.08985632169184
-1.6927751954034904,0.799283147380112,-0.42789452484271756,-29.461515983672374
2.075278102297416,-0.4663774632155351,1.387650210404097,95.69908886515395
-0.8885475708464509,-0.3338320631729295,0.1957027465637285,13.553884744063946
-0.024888040424971714,-0.1501931234636394,0.5279565332763108,36.459485713458136
-0.7750296855339471,0.9169661089677209,-0.2531507226735061,-17.4167005395845
-0.009375088177563693,-1.833945996307548,-0.32170573529626745,-22.24919173796616
-0.10321862725194576,-1.0790126956031663,0.5751509658063075,39.5160647016535
0.14128931736396996,-1.6158841884561967,0.9113751643607431,62.5892285679388
-0.25155810543907914,-1.0448112035032915,0.41994160820566767,28.884337728054483
-0.9436518835076738,0.9653609084747399,-1.720765536151366,-118.76534600112379
1.019430627683481,0.29916062715897035,-0.25334158248797917,-17.375645994102808
0.6790266830356967,-0.0012405611429540924,0.7998766732572836,55.08098307061217
0.8223656402267269,1.4418656691638247,0.7906135726951208,54.45087615010554
-0.7054806448150276,-0.48972545605122486,-0.5325938152359952,-36.655755193916626
0.031841403877811786,2.8190325489638695,0.8594233327735701,59.172000517608396
-1.6495595298995447,0.2754714469462586,1.2567430683363894,86.5292208044352
-1.4517726000794922,-0.19701833195891735,-1.7286971046475095,-119.11935301239829
0.38750837436248464,-1.0158901651810919,0.5591980439418293,38.598634182885476
-0.5971702261705646,-1.5958524336883437,0.2265271179156179,15.63695833488922
-1.2085723310812708,0.9386034698816718,0.7571112741306737,52.29812924770762
1.0405969786662987,0.0029171944287458267,0.4015355154606056,27.60301582775949
1.6720322138099004,-0.38163091488178047,0.36439328392822634,25.01878873781858
2.0152208250443837,-0.057532387873538586,1.3503059959308692,93.10837536744317
0.3086244961655734,0.8369484267579388,-1.3929351802963663,-95.87677459077479
-0.9506469865691284,-0.36198047402951383,-0.7160923989762386,-49.39867941313862
0.2839719230832148,-1.4187920032332257,-1.3868172326418666,-95.56357311292527
-1.791365250126014,0.2829736042136465,0.9852369062000398,67.92226091059024
-0.5673412548277438,0.1343851363357279,-1.2117879351496592,-83.6062750044575
0.7259070020661277,-0.2621395039924476,-1.0463731906192872,-72.01619972222989
-0.2894620115384941,1.1701766375339,-0.6144833956432614,-42.48138899722877
-0.5830928693066914,-0.6947262834587052,-1.1513465938558587,-79.27164944302254
1.849776385866146,-0.39303629280531244,0.8617222068747256,59.48777577655682
1.8466907362011153,-1.6990665367182218,-0.337127191277817,-23.401999204522117
0.6608759778696399,-0.06206903404957993,-0.2759223629577065,-19.06793725585538
0.07494855043594024,-0.0547441082826624,-1.0098700427470013,-69.5944379295268
0.6995068702622441,-1.8635669574401832,-0.3038128859269965,-20.85540112334575
2.001232170025178,-0.13969571734374997,-1.7165574254656248,-118.38982328629426
1.100836264556602,-1.830354023073999,-0.11723949907063196,-8.211200514645078
0.8584960405635335,-0.8510709671117526,-0.03763936359771258,-2.687752487606078
-0.7926530893281559,-0.8011080296600748,1.0463651367396178,72.2696174056505
0.7909698216528814,-1.391766084294036,-0.8912937922772961,-61.41697192912537
0.8852223324187347,-1.3266694716430534,0.4586536807807427,31.694218809778434
0.562848029281702,-1.2837160151565465,0.20434627743434358,14.032767798645894
1.1114411280385852,0.44976720755395455,0.7420478267454842,50.94854942016673
0.2572490050399525,-1.6642564360602479,1.2690580976875576,87.4131566606216
0.41194412664756364,-1.1114344807014709,-0.28528895825565204,-19.698591897680778
1.0932369346734292,1.4373356501069283,0.6415691240153577,44.19918476096541
-0.9998411893780734,-0.31403576349267026,-0.2825125980624606,-19.316847373002073
-1.0829618154105667,2.5561587141773234,0.07536126379789446,5.340511793240159
0.7036398950346949,0.8979987267923037,0.3027698490347465,20.83105348959723
0.3767184694261786,-0.7707571825465376,-1.2346437115364763,-85.0888198978023
0.21745165945019368,0.5143288551447859,-0.4537523812416193,-31.246715215702576
-1.1527257504517598,-0.913446285204153,-0.0001493927548569246,0.0800323705635538
0.4455371356883532,0.4521186005511128,-1.351194061404421,-93.14589660016198
2.4897075316883863,1.0525318150652148,0.6793203874098627,46.78076433144778
-1.3165422516071827,0.9631350865487482,1.7406361347926351,119.87385434735607
0.6806681362126462,-0.7959296749570147,0.054184073949185126,3.678867184830207
0.12730328020698067,2.1503829673811126,0.31735092273633597,21.836499845243534
1.315145926690905,0.3220312281857157,-2.0801386002019795,-143.3386291202658
0.08704872255572793,-2.1529998026929764,-0.3950865965423281,-27.12809298493577
-0.40776061221946036,0.3808571234670012,0.46758177995595157,32.194820072208415
-0.6551038123945564,-0.2617134889346091,0.3890999637246315,26.628997674546465
0.6805707636455052,-1.7502329399622403,1.2186679945727652,83.87132868600115
1.1082125926412214,-0.8993832573302915,0.8593177608407473,59.256018073314166
-1.131751200047065,-0.3598799782819274,-0.3210603673725593,-22.012465162908825
-1.393525225748726,0.6586660668217251,0.6085923102841594,41.992820724453914
0.1771012953172481,2.0177979737057363,-1.2040637777592946,-83.08921372649387
0.147360417360502,1.8124751026282961,0.9660706379962415,66.823246555885
-1.220671903715444,-0.565046518309226,0.4553185270261121,31.366817590957634
-0.8687293184030176,0.2460915770315416,1.008232582164515,69.51495447699439
-0.7889890249515489,-1.261605945319069,-1.0453771305385342,-72.09507412303644
-0.4040175827523867,0.7093736027607966,-0.25758503473780037,-17.70274500041528
0.8229710548574168,0.1465322699497186,-0.9782056194128598,-67.3965960749332
2.254993647795415,-0.8247436327127525,0.12220686345488732,8.35290402027304
-0.6394419484161886,0.38749271636995497,0.38198349171167056,26.27157546812533
-0.18692723060262126,0.8893659361604197,-0.7269184391471522,-50.261986079697465
-0.7129916403092864,1.4862759965999557,0.6050775890991023,41.70222437738269
0.303724390568587,0.30059528637848754,-0.0019547098444461673,-0.08930665506748739
1.1950253748410917,-1.4615058094923734,-0.36184796336959735,-24.85272529620497
-0.6989011675690036,-0.38441845116546974,-0.4022298177244856,-27.597260229957286
-0.43520804660061696,0.3255322669728162,-0.1603320014762681,-11.175863520413012
-0.19948202611107752,-0.7855491842631765,-2.1490883096447986,-148.16175159401524
0.753766378659703,-0.044503078338053455,-0.712390662050588,-49.195966050937876
-0.3831423071989316,-1.6274514560275537,-1.2621716898903212,-87.04188661152739
-0.8219183218322745,-0.32527406527856906,-0.1139735527521858,-7.785667635036892
0.26241549149824667,-0.8551811185937281,0.3272292274372217,22.796568519243614
-1.2743694786305,0.09008492203989307,-0.5936521170184277,-41.000306014935795
-1.5346268947400032,-1.7053326348985156,-1.3720576311091395,-94.46094500485056
-0.9447958189120178,-1.3110576967310412,-1.0219008541968917,-70.40053940940737
1.3391315836256719,1.762714296497166,-0.16240072992892313,-11.241749605335599
0.7480153757804773,-0.36384420139632984,0.023519565992622775,1.5825929167257127
0.44080738731842145,-1.812024553173441,2.0921686012929617,144.309499092392
-0.6660300319208757,-1.0953619026925532,-0.018258271717089394,-1.1760326708975997
-0.928335225810039,-0.7746600331288077,2.0536932362953815,141.63245741591612
0.7547050088790299,-0.7598847788231394,0.277836156413196,19.14313205055745
0.633547083687792,-1.736115612104035,-1.0239135108897046,-70.42697701117352
0.5176905904568032,2.3850130906887372,0.2311343370709272,15.949422893135969
-0.19163168438548278,0.4838288394495532,-1.0740807545618982,-74.0702362153597
-0.8529815981828709,0.781964379775993,0.017111779059650983,1.1885443077523243
-0.3370266510113413,-1.0480634061972645,0.5810987642580138,40.06798969683221
0.29335181877921956,-0.4555328282170474,-0.5576806954819689,-38.52805329818453
-0.10403031022852335,-0.2598786999255491,0.14119639463783015,9.763816264260981
-0.805312334511712,-0.8441837586351917,-0.5877654187602196,-40.53664399154663
-0.5228856330045268,-1.7172960442176133,-1.1014720417226038,-75.91679764297885
-0.6871472120485602,1.8366742207237288,0.08134367638997905,5.731828347148677
-0.5662144440167207,-1.1152243462332059,-0.5476718745234791,-37.66418551298055
0.2068913895324649,-0.35558447338955684,1.9344307571082144,133.20248815627775
-1.0516845143178768,-0.5155343456582069,0.20849464596592923,14.422557634852526
-0.25251758817880776,0.29164051076463826,0.7622308225590424,52.37323278901152
-0.5971411268555569,-0.39542738939357913,-1.6298784847129257,-112.22897254555706
-0.11052177550026794,0.9952683386299046,0.8158661029386076,56.227182626005686
-1.472329209639527,2.429541275901773,0.6329033849948618,43.83899741649004
0.7149707994121216,-0.7646801368303786,-1.9395247525481105,-133.62845321807376
-0.49429864739786794,-0.5465767417188724,0.45053117920927527,31.029317664268245
0.557128583842976,-0.4483021793178041,1.4497443606493423,100.06231943419064
-0.9802743185258672,-0.002389025600514556,-0.08165155616424355,-5.628144921250363
-0.31726597100271015,1.1383330474921514,0.1012697856437548,6.986534205875093
-0.024829696990078764,0.6620836123597176,1.316068357373412,90.49797663477695
-1.2231117488973633,0.3685950822771125,0.9384604688575977,64.76979344098729
-0.3336413886112397,0.8921611304326994,-2.182812037082678,-150.48685128887243
-0.4654414831035872,0.4004773841168456,0.017982138806439393,1.4014930066385123
0.40402324861265315,-0.9557841665893348,-0.34716956242808017,-23.878423963878873
-0.03507108675432978,0.3215081944552871,-0.9527161394038911,-65.7320081149426
0.8066407669660143,0.6833006681900897,0.7571847989214778,52.088950736760204
0.5319765561553507,-1.3703642428009506,0.23254262542334578,16.04202892778888
-0.256591249820982,-0.6050695574831845,1.6803718283722446,115.80192191215211
0.30414732014412527,0.6019170766335854,-0.37668813422265357,-25.83814648499496
0.5997724596337288,1.3094111320398296,-1.2285531938649275,-84.72527250271683
0.04497799083015223,-0.6368956109717033,-0.5746102846279303,-39.678736032912326
0.24206119288942762,1.3151409992298755,1.7759823908426167,122.40797872505425
-1.1705593142541748,-1.117023632615442,0.7546480021839517,51.928186350768485
-0.37591996120915105,0.6398839732802036,-0.20734969827652708,-14.269013413284723
-1.6070107795766058,-1.560828108689855,0.024059237976725666,1.7128305918148323
0.921435479755555,-0.2928802097119344,-2.364696080657899,-162.98499625466857
0.2160904679766103,0.2761998616119204,0.5589170034016079,38.55726829827758
-0.9546930116630037,-0.21638294516359236,0.03666142464447744,2.6715559076843114
-0.20497683864692778,-0.02019747373870626,1.6350574066119044,112.89478630590979
-1.8897084691596417,-1.7771116818460388,-1.629526769394588,-112.20210532057052
0.6722721224549026,-0.7996871994715307,-0.19049578315740576,-13.031589861811476
1.7868569004388537,-0.32855523353713373,-2.0334652980293213,-140.12816503600686
-0.8203780477641012,2.285438703118601,-0.38493268139060893,-26.428698809634305
-0.22876015340285763,-0.5183277568805781,2.3656735559464037,163.07880601489447
-1.0764006694200028,0.8351633580026732,0.08000960019375145,5.534543647739556
0.1846723505590757,-0.39635786305557547,0.8140013785687984,56.22382568543996
0.4688226374877625,1.0056493299488205,-1.2600429027523279,-86.81197722595634
0.8048850955179162,-0.644619180730499,-0.9738381295272108,-66.98082496633228
-0.19134020254363807,0.15301528143328819,-0.13522690977725235,-9.209623236545278
0.23958160437685797,-1.2695289278830393,0.5317235659329966,36.44678373010061
-1.01700202554413,-0.5269892532991041,-0.764593898622952,-52.66062130654694
0.8673092356410266,-0.6890168415944286,1.812822510917782,124.95262278701995
1.482842864127383,-0.1780760501591694,-0.9102049712945995,-62.72865273511626
-0.07245209357264375,-2.2718451710939123,-0.8091616031351321,-55.923809208274385
0.7572065249516002,-2.6119666587285004,-0.5468362066572454,-37.75974559972761
-0.20611818263891965,0.21373998677782483,-1.0581716845777314,-72.85839325653596
0.06880064238972548,0.47638557776459695,0.3016429670650103,20.835538238077678
0.45953014978113205,-0.1389446876041587,0.8533595311721359,58.78161596284875
-0.11145904212515595,-0.6779772552780428,-0.3236790297502634,-22.34682374921862
1.0230458266148428,1.1203119842992024,-1.4265059064373762,-98.1908523610789
0.40583291957152073,-0.0340125877339897,0.7548775659824613,52.04101730823292
0.07811914153995161,-0.3551044869780775,-0.9472286518996528,-65.16168700698799
-1.3397667797372124,0.9887920695367675,-2.0086760687361913,-138.50009836032478
0.9528306110451948,-1.0871815907509188,1.190705272505982,82.15108102306675
-0.7154822030109681,0.28773101140185536,0.6639863023168396,45.83041283457869
-0.42295773856986807,0.6510645380708253,1.3038345021473494,89.94399684780493
0.29222567425277396,0.17032911845273904,0.8556787869125859,58.983710161945574
0.10352284659857522,0.4439784858236079,0.5675634093700761,38.95861628331028
-0.5240908545040937,1.752363636358843,1.0949229986652582,75.27796157185574
-0.8677998149261569,0.8917941660323877,0.40865864630465626,28.04641772528807
-1.6784963762123513,-0.6063237325961561,-0.8307494342004758,-57.31663578476743
0.6695084349145038,0.9898112579100314,-1.519601776293713,-104.60218520675232
0.2525690075890775,-0.5403287431932218,0.7289565871907504,50.216761917533724
0.6067907821663133,0.17519727279893743,-1.4896581247645309,-102.76597385088054
1.4041647200248473,0.32856645588929306,-1.6097796183536226,-110.98448105222376
0.8628168935353443,0.7435452461317569,0.01997092245414585,1.3784595439738483
0.66678798207688,-1.599577357002543,-0.7628847559203106,-52.49847189850329
0.32046064421947706,0.3589985175803839,0.7887024383524109,54.35483201791009
0.635532630335853,1.1757986431432217,0.6065313556176826,41.811371958991856
-0.47891765087776855,-0.2787849415386343,-0.050522714093570426,-3.5449490147251934
-3.210430797268423,0.4777660895774647,0.1106188085540423,7.692049646159543
-0.7469971610326634,0.7191413569203872,-0.11113965464555466,-7.536088891117356
1.6421336258852908,-0.5022984000395129,1.7280110563709854,119.20695559932409
0.5232452162507775,0.20156945957526934,0.8624014081512591,59.353898505583956
-0.6038420511219881,-1.1331314944434565,0.9142361941226235,63.18758031431615
0.44452754755268203,-0.5007806561331115,-0.6603821943150443,-45.468728083625216
1.0520988605464467,-1.7428330405277372,1.0464299127463692,72.13926517993258
1.7617234416811778,-0.7326773020786499,-0.30735414124736493,-21.224046135640105
-0.25463360211047925,0.7818221940084107,-0.5539774856388509,-38.27047101563204
-0.3121103912899402,0.5560692255918953,-0.5556117551188028,-38.225754178909284
0.704626894626221,0.6129550677145995,-0.1522965744944709,-10.471373579912097
1.050849790362387,-0.01915637221465087,-1.2775299762564816,-88.08577376802057
0.3584593602959108,-1.3403406343360234,-0.6353662223475324,-43.966939312853015
0.1997790971313106,-0.19651664300377936,-0.6359031894503993,-43.93018697034485
0.3930004790017676,2.232879257202198,0.6998722593369152,48.11478603156437
-0.050823137821464005,-0.2946595576800797,-0.9513028666855661,-65.59699347568103
-0.06014880613466852,-0.5849145316959495,-0.05023463214719934,-3.5085401284383777
-0.911344781357355,-0.7461352526666984,-0.3466067875476209,-23.853569287573574
-0.16233523302407918,0.9682658592748619,-1.1339714005858754,-78.36013124184433
1.3517980853347447,-2.4563904675705195,-0.05948615660084562,-3.899816097858691
0.922386764570516,0.6218398707273124,0.39516637427769863,27.208321061336086
0.31322213790433034,-2.200871945786493,-0.6990651405651318,-48.26181469426934
-1.0874693493852885,-1.2242733812265585,-0.15018959003081794,-10.397184065063131
0.946348007431648,0.39254793773535773,0.7778483925521874,53.722699953374125
-1.0568812753832704,-0.21481258902272468,-1.3174311066693185,-90.67063662398762
-0.24913107472682125,0.8230019669705715,-0.15213759034184768,-10.456211578028244
-1.4947344826738242,-1.17236871809849,-0.4173202267911071,-28.79535820193845
1.5640713292245079,1.3320392669313843,0.43749249734855,30.220050812519034
0.6716534211094516,0.8437171372084298,-0.009564351585152831,-0.7006572172076844
0.06209962670181922,1.3373687950237978,-0.17644212496115014,-12.22692266173557
0.13732718856745404,2.8467985965701943,-0.7236335143642937,-49.93760276413823
-0.3180094053956856,0.7536397956116515,0.5825400713296416,40.025459641699044
1.3351364086393065,1.2492222596924993,-0.387254558556445,-26.486661683322744
-0.03032518430440185,0.7495423940694748,0.2532989185014796,17.40606340979888
0.6065972484580889,0.5682067167116507,-0.24563892414511393,-16.803081692019028
-0.9003601137394761,-0.879795391460501,-0.04228761408490454,-2.816793405747632
2.3057844845995903,-0.2594593796235646,-0.4107077429800156,-28.359124217820142
-2.242247452209651,-0.9312055600600778,-0.2204531841509699,-15.063944962595599
0.1766420821145799,-0.8863592685192705,0.3129903225677181,21.597455163833864
0.2696701296541887,0.2695827837308849,0.26897323236767084,18.484838554500122
0.6563603958192805,0.3114531672205229,-0.47633184856793936,-32.85840514628022
-0.5361687068333683,-2.6939563172399312,-0.2648908941443411,-18.232001534148836
0.2372159492620715,0.08918229462478262,-0.7778809586044109,-53.6097226418048
0.7109747948581455,0.4531586132388156,-0.2324258720274623,-15.890150434050149
-0.5225424904062368,0.586656990749911,-0.7190929754567699,-49.5315976192901
-0.7977069390298023,0.3357265984452714,0.7496783379847681,51.7446122268882
1.1722774270578469,1.1490631884147902,-0.8446924471317016,-58.161545811174925
0.8714079908431672,-0.3711256815236492,3.0289792432714293,208.65054887824004
-0.7415958037464109,-0.8136584134409159,-0.6992772748619657,-48.14973810037006
-0.5750292747055071,0.8976689480866202,-1.3095376916106838,-90.37139552913914
-0.7089095622045792,-1.384324954092264,0.03353911045216738,2.165426825176523
-0.9570655488171265,1.717175959710519,-0.557684623006479,-38.401822968327316
-0.010355888030931635,-2.339171178085249,-0.38866401915957777,-26.82505210724893
0.35218152121155333,-0.16745045984552956,0.9669783458660162,66.67538673994086
0.32353471469164996,2.1993204508800606,-1.5923311691930744,-109.86835387078459
-0.38541781068849756,0.936653218622187,0.04285385966967894,2.811253777220658
-0.10378526453234019,0.10050053018005368,-1.2235448649976188,-84.29602917998207
1.3011302094674653,-0.4093677746499846,-0.23500634870894394,-16.13006467242757
0.42848361930270373,-1.0597681503868515,-0.6375075257466223,-43.98908215340764
-0.5512399500305164,0.8849122080792342,-1.3753574753280646,-94.86186918776136
0.8596605180199743,0.5531908936069795,0.5061520826887169,34.86433037503772
-0.12756615842366942,0.8022419615814599,-0.7211173733774462,-49.82770514545179
-0.15579970816999872,-1.4634777566193453,0.10767464455391365,7.382652647226979
1.443505790202502,0.4015737252458567,-0.09921907316971108,-6.689490609995858
2.2562414506281154,1.4272311001495834,-0.061968558962423696,-4.265068424996996
-1.3902340211795603,0.12668507085597497,0.242957081590529,16.85455197292928
0.9973345419110791,-1.5106983855624856,0.4614898682736324,31.658916173031866
-1.0031976902943673,-1.4141548904790215,-1.6345528249399894,-112.70707707416994
0.3736419448877862,-1.6535233822850541,0.23791610493301182,16.309446488087378
1.0134596243224296,-0.8640022649627748,-1.3700937883212734,-94.35850088799076
0.6305935419795607,-1.9041639633114926,-0.9649772077593141,-66.54369955460648
0.05695184073783709,1.402360179799392,-0.9723839294232566,-66.89053231220066
0.7321707051874118,0.42967259444764166,-0.7726777523867321,-53.31772139391814
-0.6540458424519568,-0.13713925283703135,0.833162129937713,57.4549750060885
0.8139462441920998,1.1011601021030608,-0.2918463710653721,-20.18174279628407
1.0705579113377055,-1.3522282603424902,-1.6050049016130299,-110.77835170965385
1.9221144646418435,-1.129096199264722,-0.3980711937556304,-27.366036463728182
-0.28703906250824884,0.7921303262683982,0.8892385413381448,61.33865384863117
1.1908583873937928,-1.8192993323272932,-1.662552350034322,-114.75195355392358
-0.5462647972204403,-0.9558693649714395,1.4145035166500803,97.3946342719169
0.8309427428150207,1.3850943853355704,-0.8378122948744013,-57.66497638794205
-0.7936299691426583,-0.5928695689077971,-0.760849748546067,-52.52326121448727
-0.3727029066910435,0.48419696183861666,1.147112909279562,79.1199919762409
0.4183512004758444,2.2795057794789675,-0.8759982787910541,-60.406013180053385
-1.5232135953524801,-0.7320583853311774,-0.17830606215500272,-12.253976640809954
-1.5128451152607716,-0.7640339696578627,0.3972413264075336,27.40214313349643
-0.5908440222361828,0.577574145813011,0.05638601007243787,3.971260888773859
-0.7694389031220737,0.99107800904018,0.253228633035666,17.249409282866747
-1.0511240399268595,0.9677059600876328,-0.15762393656238852,-10.92038063082183
-1.2131995547223167,-1.5020360220147406,-0.4435049314783039,-30.677633592907508
1.3984769733544,-0.21274585703291313,-0.7644472477080978,-52.74642477666655
0.9845250374172386,-0.19405475384155696,-0.11290883572484661,-7.634352189857522
-1.0278880332267446,0.42374231333826445,0.7489620204138705,51.595159315389665
0.343751095340694,1.225128007569298,1.4257341451930738,98.34981513935679
-1.3388531775833028,0.831850606796945,-1.109285562641083,-76.42016682308589
1.1583676476401035,0.38315462051767984,0.48952908455553856,33.66785430008774
-0.1165749870881772,-2.236053777261358,-0.23181317888607783,-16.205971787344797
0.6257525764478391,0.838310786656023,1.0065486248554185,69.21667747436864
-0.27786273427285413,1.0001723638269102,-0.9132684452588767,-62.80038699905285
-1.3262666164346404,-2.7055976107646105,-1.5531126697056237,-106.99933536472467
-0.19572371239856337,1.6420366404303077,0.27466398753494886,18.802587241456028
0.07412612564394022,-1.0360709498835865,0.4421006231393024,30.430683022184688
-0.12411569290993438,0.023663980551364306,-1.1003869388765317,-75.88502144562791
-0.86271113239814,1.4390172184944492,0.3669200238833713,25.507570690560726
-1.1626229476951901,0.9110137497189913,0.7266219631767217,50.138790335544385
-0.6664959844562697,-0.4672083290933881,0.13010027696036353,9.047956087607146
-1.6496691150163802,-0.19956028844361723,0.3978884495586616,27.330946303255608
-0.4373515631285075,-1.630899391077607,-0.08799968674679905,-5.913600424330264
0.5004799726562917,0.8983911611275696,-0.3099866597685201,-21.43310325894267
-0.5507690979436523,-2.4515873369518855,-0.0727138583781753,-4.801373142170913
-0.6176890658642286,-0.6788185843968384,0.10035528320794392,6.998447793998888
0.7387144235342626,-1.3825474846365924,-0.06434314961587694,-4.378668980438675
-0.5673197900148513,1.5180073291281824,0.024059115746140038,1.5651785415745891
-0.07115124422410989,-0.6191847305942658,-0.5338435604421259,-36.70549485267699
0.13731894064965508,-0.21599618999113096,1.2915571798398626,89.06441805184447
0.7531069136156464,-0.5573296761243904,-0.8690539053198755,-59.85807140765152
0.6350869000947228,-0.2688785015946833,-1.2548603914775587,-86.36866418960027
-1.3349253669871017,-1.510194324276515,-0.17397240128102864,-12.134528819364906
-0.7277052749006709,0.736058077736053,0.20096395382796983,13.879869527984754
-1.0088645412067305,0.4151904657340684,-0.1894097387201036,-13.171263866052858
0.16935027581489936,0.6494568961145271,-0.5260683585992184,-36.309739606160896
-0.7568799417359657,-1.668694687936015,-1.6881012792907684,-116.12055214784893
0.09317205766407684,-1.2539862960744779,-0.386352094744419,-26.522875716086006
-1.054554798478578,0.4991872730456511,-0.94454080108973,-65.0202643865936
1.6271868843052637,0.05010566463550334,0.817224841208444,56.6012979703013
-0.6510564789536804,-1.1205068713840005,0.18494595039221876,12.698223361455907
-0.4853474092414114,-0.8615043591081577,-0.36007228847172024,-24.8536467200733
0.7722564486716168,-0.5201255384098525,-0.7678869081517743,-52.864878021025135
0.6328244054730483,0.21395856783404785,0.3013502637923371,20.77275974771206
-0.44151223119024857,0.9552466924396553,-0.1217464334245328,-8.396920918160587
-0.3061978135811057,-1.2357780686328994,-1.0529075962138947,-72.43503533626806
-1.788730077411018,-0.05259198836577464,1.453769705361283,100.12332570412717
-0.4205497685910233,-1.1127780960586278,0.22901077442856488,15.682082592325449
-1.2115714159878144,-1.4314687103196855,-0.812720293514382,-55.9372524112638
-0.4102290599222622,1.4197163715677235,-1.9825773026860007,-136.65909173872691
0.53313595254121,-0.2926860496034949,0.7724887435364487,53.24504308869241
0.9008241687386542,1.1337027478994621,0.3072887323762577,21.210658556167992
-0.5522088585820114,-0.42588527644559565,0.27433587196800224,18.847894147598872
-0.7156448780204852,-0.05887079529148727,0.5918802493950885,40.67132270110687
-1.8145102690876542,-0.18115634628116348,0.39273900626460934,27.289345327812658
-1.4670116935669246,0.23040282335656906,1.4158649459211443,97.61953919134203
0.8239534920839428,-0.12455338515492656,0.17317461742077497,11.952516629982608
1.023795559679155,0.802777939107464,0.3939295961791735,27.067796652800464
-0.22014215869847903,1.5728232847864274,-1.2997854251810175,-89.4247883684895
-0.04067109426330538,1.0020850270365191,-0.2789789295019489,-19.210503507833884
1.1161370619514044,-0.5696576371538804,-0.5542771046623071,-38.223747392025764
-2.6743870177501505,1.9989443924476344,-1.1433450812315593,-78.54325658497473
1.2373381764482443,-0.11119897186366713,0.4577767042094275,31.551651874119756
-0.20679393463712498,0.18008173940307665,0.42766714527343763,29.47559751429626
-1.784533729516321,-1.2831895437585754,0.6014021300147696,41.361355925281906
-0.9041049314828216,0.7027533792191322,-0.059260833836361,-4.03152630136489
-0.017819634058758544,0.10231953815089409,-0.4117850350474562,-28.367296519991193
0.1843104819554289,0.5023559403596319,-0.8072295254270333,-55.700966790084635
0.7212519457943586,-1.9497509961006325,0.3187895017249588,21.95488246479635
0.9473925663303099,-1.0960132951385781,-1.0134256704860467,-69.85172457935232
-0.9142491488735179,-0.4810648570837129,0.34258039289827374,23.68899183641389
0.05420653128649276,-0.03571540661693727,-0.5390081340365667,-36.96174130204181
0.6256503739853833,0.1476385593721923,-1.088810738306805,-75.04136564799984
-1.3868572653148503,0.09975784433684849,-1.5225957012480937,-104.92675828376441
0.044617543284291114,0.533097836906413,1.3970519065481293,96.3343414039108
-0.1463693097462854,-1.0835914658230943,-1.469634625209567,-101.43465907082671
-1.41124263188717,1.2047437309657716,0.9506069961060607,65.58726466300847
-0.3657692631231381,0.5511166741959336,0.9816161866727913,67.68651428946035
2.0985031946785098,0.78412257413834,-0.1446054328677578,-9.721549741097979
0.18052916646114298,0.29221978198186993,-0.59623818552389,-41.017807216445725
-0.8567390678172749,-2.1015350487677678,1.1873846110675759,81.8659599595186
1.2132364327523555,-0.6729386211231253,-0.5923152879196288,-40.66693693166469
0.063405400008137,-1.211378712581207,-0.629385376457909,-43.45231069263988
-0.7673830419969686,-0.5417622241485353,0.32543039314682354,22.404357363266982
0.8199499879206592,0.39775273567174235,0.5616076063483513,38.825426019272406
1.0222386729565909,1.4916874624264518,2.9662500971935413,204.4452251047522
0.9425397724411325,-0.5351465926388975,-1.430396701578305,-98.53296056909639
-0.44873239820521804,-2.936141958243689,1.344911005337065,92.82246857429577
1.5321197216625209,-0.49960912739646474,-0.8787155391716743,-60.785888135592366
1.3283891291542327,-1.255796174222674,-0.09821948916162404,-6.750508455534595
-1.806602138745368,1.6397509901330438,0.4522177257356086,31.29097860657454
-0.08331730486995313,2.286315239474661,1.1759736981222426,81.11198110781778
1.3046401249526063,0.663709369861534,0.4000444977334365,27.675441765455194
1.3780108311270576,1.750402916630353,0.29470326771416194,20.2608383874677
-0.48137141579474935,-1.9241594490929896,-0.5231642148972904,-36.03544345683613
-2.3465744996200715,1.2255825068583295,0.12805788173426988,8.86879631563802
0.35136152893488404,0.788570479116926,-0.9466364609859,-65.3125091214782
0.030309990766128517,0.8493427318811859,0.13329711424801508,9.188720241066777
-0.40284561702529054,1.3407930880964727,1.298016343861047,89.67565783249619
-1.0910471132118604,1.2685786755751425,0.469188343924268,32.297455842770354
-0.517299898414951,0.47951775210770464,0.49595641068909174,34.17557998313663
1.3204048067975092,0.04066528515761626,-0.5209590207114089,-36.030500249276336
3.1018635383123185,-0.6021977564015225,1.4465143940508334,99.71776731080412
2.6113654665010273,1.6834959298134051,0.2713309790029247,18.739759179960213
-0.4089823945993493,-0.27032305268235907,0.50539185590456,34.68104594468152
0.4493054355857021,0.026082715268595867,-0.06844737549698399,-4.606579582404346
-1.2227269301068446,1.0376777306254161,1.1666959536608337,80.39030757137778
-1.153656766212156,0.018991316109632755,0.783574176849272,54.06902097516383
1.7495097206329648,-0.48403229237997014,0.32250460883116705,22.241778357522175
-0.18198051106439728,-0.25035995503399977,2.221653853655571,153.04164267148514
0.008775370253766793,-1.5383369488410619,-0.42616352271520086,-29.426792775772718
0.50273952425666,1.9168415494720343,0.796762957385185,55.01728245566519
0.11891861825918579,0.5751717640546256,-0.01041332136955746,-0.6807588368002134
-1.4265239280648891,-0.05100732837625068,1.723386352013055,118.75627418678408
-0.14014651346875173,0.45043865691338064,-0.490039180586985,-33.82474147617189
0.028929374434269593,-0.9477639494392932,0.08492616954059011,5.756268913416869
0.544883454455335,-1.2225703278868956,-0.5716784438119371,-39.30481461137064
-0.0803856755165203,0.3671672919825066,1.295198643578972,89.11740315061601
-2.184321194857338,0.4224767582462047,-0.4719586964515093,-32.50818385894211
-0.2796945747813253,-1.4302613215729854,-0.14757909566303218,-10.146732332578836
-0.8135337616981977,-0.935955221598663,0.6019355688249879,41.38768813104524
1.113205720604545,1.1097837989944341,0.009145269657742015,0.49139834817986583
-1.3871416796574143,-0.4076458779643292,1.2121537216792722,83.49249494870384
-1.4141544662915098,0.12673002941390707,-1.2768778466596493,-87.93786485319836
1.7565940700689044,2.0635127817117813,1.1654650615966233,80.1733822433639
-0.09978506224324532,0.17039505931635415,-1.719951574346844,-118.64488752233636
0.24628806203185175,-0.45336683741982253,-0.30633158501503954,-21.02429071760286
-0.32198341945244435,1.2433677292744418,-2.083668407504473,-143.58074935765458
0.7419006788952703,-0.3519968223496652,0.843842055045005,58.09769736260897
0.38554274193659144,-1.22953765803209,-0.9291762775307868,-63.97805336110521
0.5638083171319599,1.077876568330756,-0.5724629482297611,-39.408456630047915
-1.5868936562672336,-1.8501959923664018,-0.6876100214737362,-47.347570536010984
1.7124475287943939,-0.7668522901414377,-0.7561901770147652,-52.06026210673687
0.5230799628067513,0.059872108890802404,1.6584247456911314,114.35701138181379
-0.6258969025064007,0.05048184784634329,-0.4420922801349409,-30.410349214366267
0.4609946505605043,-0.5956856051072797,1.2751258373944747,88.0127744370552
-1.1980409969666281,0.3254787408083136,0.5886753818544589,40.50822014813328
0.6151649563275908,-0.12456046771962041,0.15201113154928764,10.475918060240762
1.3451017084510097,0.5323378882945463,0.45181233874578974,30.947100888364403
1.1951105459150266,-1.0927136305634673,-0.1848035888500205,-12.88282188851904
1.2795087343766578,0.8672126651998152,0.3303022703226134,22.83342353592494
-0.24332625188556253,0.9137407048596775,0.5628467852810314,38.7935096424056
-0.33983557747526727,-0.8441253268279608,1.1545658908381096,79.32638620515746
0.7027240317101864,-0.7148669812106199,0.8422707006944321,57.896629585132395
-0.0972199196729462,0.31893039861749783,1.6410206437691666,113.22952106068394
0.3799473517791782,0.498535685235936,0.20715425196955992,14.230047157664556
-0.5226347611202428,-0.5672394268341736,1.3613709645591259,93.73046264074816
-1.0968459402000492,0.4841184198461571,0.5871061449468176,40.29344352709263
0.12599606681670716,1.5099412748416448,-0.6427112075896628,-44.28522214947408
0.47382871953667727,1.0587054739505457,0.514863320902689,35.483971238777045
-1.1655699746177752,1.68355334661152,0.6518277193871604,44.90829074807656
1.4460230634069287,-0.0051374179562285,0.1486981280629037,10.181834324205369
0.23082017281823,0.5467579110457865,-1.1466886495167958,-79.28448065535895
1.4586631295896846,-0.10633797176476438,-0.749711481122468,-51.91765878140592
0.8789141755739356,0.9398969971964363,-0.6390093546199369,-43.9467001171379
-0.4160251391151397,-0.15083798827273173,1.4178278882299062,97.89647624067607
0.8009292593516254,-0.9693195697140787,-0.2988624783900446,-20.651756558193256
-1.7807915538243921,0.3104323874656349,-1.6875587428429932,-116.31501069844714
-1.3646453420180849,-0.12288954839993375,0.8909152648111035,61.49712104785429
-0.813020951624356,0.7976725690826887,-1.7760040721658166,-122.33317706004895
-0.2460832675557472,-1.3761160089329116,-1.0586595805915686,-73.12346968257846
-2.834995534169358,1.646892094939591,0.1367687292857186,9.377239187264093
-0.5114247932715293,-0.31591679547577023,0.31867935604845654,22.186580853246884
-1.0782418193282373,-0.7990641033270139,0.9080043782998724,62.41088326019605
0.38896600531626707,2.2158894502130715,0.29404504880080035,20.22396086068426
-0.9743206107329299,-0.2759794968293797,0.5479275202712125,37.74804552390183
0.8123417963366178,0.13305760536195996,0.20283588279329384,14.01753900191675
0.1687210624313978,-1.4889501692875957,0.26955855330903167,18.695358803336312
0.05569219339294779,0.080866188394344,-1.81842142065901,-125.24766062492293
1.997425283504035,1.9240958951935212,-0.3521417967935155,-24.07525790868112
0.6505165700433573,1.042929032002722,-0.3433151665101969,-23.728054421870844
-1.9323560015091858,0.9399792195744116,-0.5334945027167617,-36.776497338534035
0.8660723118401541,0.1805995332148651,-0.05914328196306846,-3.9506236269130333
1.0697263031814166,-2.2804598261590847,-1.3553011366996548,-93.51360913903714
-2.0038892495652525,-0.05489144201122694,-0.42997562602423905,-29.416528144250645
-1.0088879090819574,-0.5897219650092499,-1.4701994303672408,-101.46476627364835
0.7918324751971316,-0.8245971210853096,-0.4418846390401407,-30.324180266954073
0.9023990039299666,-1.5093025575871646,0.06946692013466364,4.840136761609803
0.10629532051457292,0.027627343936446922,2.3463315011938644,161.77874021072424
1.436570669708498,-0.5795082893291696,-0.15956287406705108,-10.933585292717504
0.15267869946787477,-0.3891009911308964,-0.5154797043131919,-35.40267532745101
0.43498914385950704,-0.6014340704247442,0.17491974741346528,12.06997049441202
0.12321054454772769,-1.3383108186624653,-1.2555421527321493,-86.43411576849442
2.782365679875041,0.3596891995363975,-0.8219324843381519,-56.70302638201058
-1.5509569211976624,-1.7207954551375861,-0.3848490502028002,-26.56120135087906
-1.2263496400095752,-1.6253268281480941,0.5723636214743254,39.36367272989559
0.2989958455256603,0.998899886332779,1.3474469652692622,92.93583281731856
0.04320650071056653,-1.2833106452999574,-0.08162910939674983,-5.680943757066829
0.5985249785885229,-0.12562575445349006,-0.06028033389005997,-4.034475013932041
0.4196434956579614,-1.3862778344470634,-0.7302045043126472,-50.444315258135425
0.4895218023565594,0.3897429343677568,-0.28191274711502395,-19.679499324631575
1.3948223224881522,0.8881734651819972,-1.6093690891183539,-110.9531410914126
-0.41998581004543123,-0.0285337341330573,-1.8003657016978516,-123.9115791126696
-0.5957075326878444,-0.18344131824089546,-0.8741620464099085,-60.187005757325274
0.03959084179883687,1.4492266397277624,-1.2791146929878854,-88.26820199714842
0.4118307832032988,0.16383631157575748,2.767614110151953,190.71263477701808
0.49879491984056123,0.9546947717580653,1.157905922158095,79.71117240656606
-0.10555152310072394,2.4652944274811497,0.6406272787902406,44.28482438271644
1.1109274374798166,-0.6147463195987204,1.8703499077240473,128.84049796699927
-0.9902639787382019,-0.6088614951710812,0.7503692632254659,51.633812072898486
3.4011057189806557,0.5253295997343811,-1.0669628403806435,-73.64772766591044
-1.5120214739877849,0.4446977161029871,0.23966318182680454,16.463020111730216
-0.19382185978213315,-0.6869057484384609,0.5246980806462903,36.17123124785875
-0.730465221987537,-1.2093224630496544,-0.038355270858837075,-2.484849206812652
0.4844248724903007,0.6700144497692612,-0.7489509901222813,-51.59675868540346
-0.3051810275934747,0.041447402165011596,-0.6625811650314397,-45.42101354815685
-0.7774678700458074,-1.507767499471143,-0.5440459628864769,-37.51131045118586
0.3927537933677038,0.8017127744923955,0.9361958428736835,64.56712366978459
1.5846407610944704,-0.921044606607882,-0.9162565084832474,-63.158000110751644
0.7612453157838229,0.9633980622669405,1.3680000984375889,94.32779919909808
1.2866111576624817,0.32831339343112065,-0.31704997719458067,-21.8810850667574
0.4475749490389915,0.7292205988463364,-0.4014192430842421,-27.538799900810318
-0.20960434522155263,-0.3586317315580346,0.18594330106231954,12.736277583068356
-2.7742889583519705,-0.018437513726754264,1.197020173805769,82.29883573126482
0.7464617107587043,0.03998364408536022,0.18166368467090346,12.666475524672737
-1.1406624304940292,0.1632978481825543,1.51716766448565,104.33952786362862
1.064095899245669,1.3316179473843854,-0.7456091112575715,-51.54062534610292
-0.7686270207784495,0.7291654706806434,-1.185418809153406,-81.6830442452587
-0.5534026175135522,-0.24150531238917375,-0.8416715368715004,-58.158080238284676
0.3689385248263503,-0.18410599610436962,-0.0864165653496824,-5.987806804069454
1.1781705803632956,-0.28903500867793525,0.4319468953914243,29.68976818535567
-0.8242714579780461,-1.2921348859801496,-0.6529646317490029,-44.923171003905004
-0.4776700373944868,0.7402352783898681,0.4260933013790357,29.33521600528752
-0.03443962038141227,-1.6748745592001864,0.2999911375745055,20.815696887853232
-0.7831867358823851,0.3513054326959536,1.2406349400590202,85.57579868258468
0.9293732438644541,-0.43376471762612695,0.3404969090216123,23.405337214480664
0.889798951441611,1.2384982542458354,2.465208902164686,169.96962625738465
-0.7525865769745542,-0.08262780318257419,0.46731182222906303,32.195085618558885
0.14053022981578983,-1.9571821612929083,1.7180715057667242,118.55017753610447
-1.5097423843114335,-0.1203002762636614,1.9876382764257363,136.92724487764193
-0.22205672759554324,1.2750575903893269,-1.6003841181528236,-110.1315795459813
2.180265984333914,0.47957192641821417,-1.0521704627128599,-72.26203104867034
-0.5722998663991192,0.9466502970537858,0.16695512626394568,11.424959931098146
-0.22643034539033766,-0.6293725746694815,-0.42537985783275567,-29.23762363073099
-0.8145663389225833,0.5345190252066511,-1.5280166023725474,-105.48442093485208
1.6706979166234959,0.10659724576741299,0.765844154680749,52.81234150355565
0.09922031613821594,-0.5688659748665609,1.2459055553785687,85.96735012626087
-0.7068190812919728,-0.6861465851073458,0.5877885293013254,40.43466388968608
-0.643320562063231,-1.2107225842074654,-0.4013731434542531,-27.661147421420296
-0.12430056818612716,0.946529981021304,-0.21633887894769482,-14.800237672528503
-0.26021427135489583,0.11618762989264689,-0.2874654614123066,-19.765480142896198
-0.882490391596822,-0.6606324986051187,-1.2368377011017966,-85.29672540005939
0.3080908624754918,-0.13752826816152028,0.4813399523048028,33.20956956500075
-0.00028610812441837955,-0.4586397042575577,1.2667281714529421,87.37316010727324
-0.11032172211623395,-0.7046047621786199,-1.8552666603782968,-127.64691655058473
0.8733690720669743,1.1950800633609282,-0.16318628844654537,-11.18766508705584
1.3774870700332265,-1.052568940541516,0.5573220490588314,38.60254731457205
-0.9874198298948553,-1.962082396428117,1.6854441208260036,116.15926125313858
1.0527207346654532,-1.3632814092292673,-0.031992257804176374,-2.1389023648519463
1.610432908604978,1.2724346886428346,0.3303952817458704,22.887112029139452
1.7829689539212554,1.2525628203006616,0.11350989829117951,7.646917397343468
1.3303169236725105,-0.6575172676978901,0.5011372949374676,34.795059266281385
-0.6536665249918054,0.07394037444677717,-0.13330881730847674,-9.157114702358658
-0.2758103722454727,0.5338027471795495,1.671098383078029,115.25091088039409
0.1368005282351176,0.9342171191686602,0.2568186749694396,17.67811672006049
0.03906527865733331,-0.519974063584912,-0.4525956966135136,-31.238380203050827
-0.845186531729063,1.7409338143419948,1.147812051000587,78.97331311080048
-0.7209996734353815,0.5622617060581323,0.46565797200403236,31.994059664641135
-1.2996724977935583,-1.3623704375729833,0.35617387204565243,24.428388194268646
-2.0972146824079534,-1.2311036737803671,-0.7696723174525589,-53.057499900628336
0.16406258699848925,-1.4666511434328204,1.3443934305403316,92.51630905327518
-0.45306467425740327,0.5346496344547723,1.052333378588207,72.5304412462735
-0.5916731017780592,0.87343837497525,1.4955537499106633,102.90053441898473
-0.4971921587558948,-0.33286192667412845,-0.5659681078122379,-38.73302241268722
-0.589363565426483,1.1332117352118418,-0.3159612310498333,-21.750268898591557
-0.9748756111596247,-0.4985235578498222,1.7348201154803022,119.58033493999294
0.2070852223882198,0.4897270630148747,-0.06326133046375115,-4.361009264943393
0.7814815896768368,-0.8618682936880311,-0.08562740234689714,-5.841604106567796
0.053559545012523954,0.2705266336243738,0.25584016147607813,17.530610599986883
0.2476607886615109,2.503354046947538,0.13594676323312638,9.326608907030975
0.3684891529613956,-1.9530320644338448,-0.9880591994962632,-68.09342201595517
1.109045832168638,-0.35090040664203287,1.1820299778383627,81.50765276055164
-0.5792538891750484,0.576007496726984,-2.0552061713027614,-141.63938900958104
0.9978130297174783,1.231244588814504,-1.6401716064391956,-112.8281853762232
-0.34112117132031883,1.0898461110532707,-2.319847554388968,-159.8963297969614
1.7281893840230504,-0.8542719357478161,-0.16105708408962152,-11.21043848990187
-1.2584864726558884,1.7230704540965298,-1.7494917723335717,-120.50570866638463
-0.015634589340475336,0.1829981342973316,-1.9956801358519773,-137.56685208357305
-0.8902148949351755,0.8568100979970842,-1.5715038322410304,-108.36644876237764
1.4890814899341385,2.4464577434410075,1.3590930097446314,93.56517315405723
0.973373977088992,-0.6305796909187222,-0.40980751709659136,-28.344469802271412
2.5335150156938213,0.6236855454165358,-0.04985439513772164,-3.3356154853539177
-1.6110137744766884,-0.45581273693535795,1.5612423621117646,107.59508780558102
-1.4022834329572298,-0.7714047290173249,1.5293451093493102,105.32129909936606
-0.533453747008196,1.7848212310913276,-0.6593206564553337,-45.29894000338111
0.38343522405785996,0.03928515646309053,0.05084885843384064,3.695713710499214
-0.668307894421939,0.2614395928205015,-0.407616632784632,-28.230782891077713
-0.9113773894645757,-2.0133597478909295,-0.15378236097078352,-10.635696237492883
-1.226033706727706,-0.13045755709555154,-0.04659888424210671,-3.3729040563981876
1.3254668915237189,1.3007610258555469,1.621161963396762,111.57065322172461
1.8535056335433133,1.1507460321250718,0.5114604025401605,35.12035877406875
